record_ID,Suborder,Superfamily,Family,Subfamily,Genus,Species,more_than_50_percent_AA,name_in_phylogeny
MOL_001,Adephaga,,Amphizoidae,,Amphizoa,lecontei,TRUE,Ade_Amp_Amphizoa
MOL_002,Adephaga,,Aspidytidae,,Aspidytes,noibe,TRUE,Ade_Asp_Aspidytes
MOL_003,Adephaga,,Carabidae,Brachininae,Brachinus,sp.,TRUE,Ade_Car_Brachinus
MOL_004,Adephaga,,Carabidae,Carabinae,Calosoma,scrutator,TRUE,Ade_Car_Calosoma
MOL_005,Adephaga,,Carabidae,Cicindelinae,Cicindela,sexguttata,TRUE,Ade_Car_Cicindela
MOL_006,Adephaga,,Carabidae,Cicindelinae,Omus,sp.,TRUE,Ade_Car_Omus
MOL_007,Adephaga,,Carabidae,Harpalinae,Pterostichus,melanarius,TRUE,Ade_Car_Pterostichus
MOL_008,Adephaga,,Carabidae,Nebriinae,Nebria,sp.,TRUE,Ade_Car_Nebria
MOL_009,Adephaga,,Carabidae,Paussinae,Arthropterus,sp.,TRUE,Ade_Car_Arthropterus
MOL_010,Adephaga,,Carabidae,Paussinae,Metrius,contractus,TRUE,Ade_Car_Metrius
MOL_011,Adephaga,,Carabidae,Trechinae,Bembidion,transversale,TRUE,Ade_Car_Bembidion
MOL_012,Adephaga,,Dytiscidae,Agabinae,Agabus,sp.,TRUE,Ade_Dyt_Agabus
MOL_013,Adephaga,,Dytiscidae,Copelatinae,Copelatus,sp.,TRUE,Ade_Dyt_Copelatus
MOL_014,Adephaga,,Dytiscidae,Dytiscinae,Dytiscus,sp.,TRUE,Ade_Dyt_Dytiscus
MOL_015,Adephaga,,Dytiscidae,Hydroporinae,Hydroporus,sp.,TRUE,Ade_Dyt_Hydroporus
MOL_016,Adephaga,,Dytiscidae,Laccophilinae,Laccophilus,pictus,TRUE,Ade_Dyt_Laccophilus
MOL_017,Adephaga,,Dytiscidae,Matinae,Matus,sp.,TRUE,Ade_Dyt_Matus
MOL_018,Adephaga,,Gyrinidae,Gyrininae,Dineutes,sublineatus,TRUE,Ade_Gyr_Dineutes
MOL_019,Adephaga,,Gyrinidae,Gyrininae,Gyrinus,sp.,TRUE,Ade_Gyr_Gyrinus
MOL_020,Adephaga,,Gyrinidae,Gyrininae,Macrogyrus,oblongus,TRUE,Ade_Gyr_Macrogyrus
MOL_021,Adephaga,,Gyrinidae,Spanglerogyrinae,Spanglerogyrus,sp.,TRUE,Ade_Gyr_Spanglerogyrus
MOL_022,Adephaga,,Haliplidae,,Haliplus,sp.,TRUE,Ade_Hal_Haliplus
MOL_023,Adephaga,,Haliplidae,Peltodytinae,Peltodytes,sp.,TRUE,Ade_Hal_Peltodytes
MOL_024,Adephaga,,Hygrobiidae,,Hygrobia,sp.,TRUE,Ade_Hyg_Hygrobia
MOL_025,Adephaga,,Meruidae,,Meru,phyllisae,TRUE,Ade_Mer_Meru
MOL_026,Adephaga,,Noteridae,Noterinae,Noterus,clavicornis,TRUE,Ade_Not_Noterus
MOL_027,Adephaga,,Noteridae,Notomicrinae,Notomicrus,sp.,FALSE,Ade_Not_Notomicrus
MOL_028,Adephaga,,Rhysodidae,,Clinidium,sp.,TRUE,Ade_Car_Clinidium
MOL_029,Adephaga,,Rhysodidae,,Omoglymmius,hamatus,TRUE,Ade_Car_Omoglymmius
MOL_030,Adephaga,,Trachypachidae,Trachypachinae,Systolosoma,breve,TRUE,Ade_Tra_Systolosoma
MOL_031,Adephaga,,Trachypachidae,Trachypachinae,Trachypachus,holmbergi,TRUE,Ade_Tra_Trachypachus
MOL_032,Archostemata,,Cupedidae,Cupedinae,Cupes,capitatus,TRUE,Arc_Cup_Cupes
MOL_033,Archostemata,,Cupedidae,Cupedinae,Distocupes,varians,FALSE,Arc_Cup_Distocupes
MOL_034,Archostemata,,Cupedidae,Cupedinae,Prolixocupes,lobiceps,TRUE,Arc_Cup_Prolixocupes
MOL_035,Archostemata,,Cupedidae,Cupedinae,Tenomerga,cinerea,TRUE,Arc_Cup_Tenomerga
MOL_036,Archostemata,,Cupedidae,Priacminae,Priacma,serrata,TRUE,Arc_Cup_Priacma
MOL_037,Archostemata,,Micromalthidae,,Micromalthus,debilis,TRUE,Arc_Mic_Micromalthus
MOL_038,Archostemata,,Ommatidae,Tetraphalerinae,Tetraphalerus,bruchi,TRUE,Arc_Omm_Tetraphalerus
MOL_039,Myxophaga,,Hydroscaphidae,,Hydroscapha,natans,TRUE,Myx_Hyd_Hydroscapha
MOL_040,Myxophaga,,Lepiceridae,,Lepicerus,sp.,TRUE,Myx_Lep_Lepicerus
MOL_041,Myxophaga,,Sphaerusidae,,Sphaerius,sp.,TRUE,Myx_Sph_Sphaerius
MOL_042,Myxophaga,,Torridincolidae,Deleveinae,Delevea,sp.,TRUE,Myx_Tor_Delevea
MOL_043,Myxophaga,,Torridincolidae,Torridincolinae,Satonius,sp.,FALSE,Myx_Tor_Satonius
MOL_044,Myxophaga,,Torridincolidae,Torridincolinae,Torridincola,sp.,TRUE,Myx_Tor_Torridincola
MOL_045,Polyphaga,Bostrichoidea,Bostrichidae,Bostrichinae,Apatides,fortis,TRUE,Bos_Bos_Apatides
MOL_046,Polyphaga,Bostrichoidea,Bostrichidae,Dinoderinae,Rhyzopertha,dominica,FALSE,Bos_Bos_Rhyzopertha
MOL_047,Polyphaga,Bostrichoidea,Bostrichidae,Euderiinae,Euderia,squamosa,TRUE,Bos_Bos_Euderia
MOL_048,Polyphaga,Bostrichoidea,Bostrichidae,Lyctinae,Lyctus,brunneus,TRUE,Bos_Bos_Lyctus
MOL_049,Polyphaga,Bostrichoidea,Dermestidae,Dermestinae,Dermestes,sp.,TRUE,Bos_Der_Dermestes
MOL_050,Polyphaga,Bostrichoidea,Dermestidae,Megatominae,Anthrenus,prob. lepidus,TRUE,Bos_Der_Anthrenus
MOL_051,Polyphaga,Bostrichoidea,Dermestidae,Orphilinae,Orphilus,subnitidus,TRUE,Bos_Der_Orphilus
MOL_052,Polyphaga,Bostrichoidea,Ptinidae,Anobiinae,Stegobium,panaceum,TRUE,Bos_Ano_Stegobium
MOL_053,Polyphaga,Bostrichoidea,Ptinidae,Ptininae,Ptinus,sp.,FALSE,Bos_Ano_Ptinus
MOL_054,Polyphaga,Buprestoidea,Buprestidae,Agrilinae,Agrilus,sp.,TRUE,Bup_Bup_Agrilus
MOL_055,Polyphaga,Buprestoidea,Buprestidae,Buprestinae,Buprestis,adjecta,FALSE,Bup_Bup_Buprestis
MOL_056,Polyphaga,Buprestoidea,Buprestidae,Julodinae,Julodis,sulcicollis,TRUE,Bup_Bup_Julodis
MOL_057,Polyphaga,Buprestoidea,Buprestidae,Polycestinae,Acmaeodera,sp.,TRUE,Bup_Bup_Acmaeodera
MOL_058,Polyphaga,Buprestoidea,Schizopodidae,Schizopodinae,Schizopus,laetus,TRUE,Bup_Sch_Schizopus
MOL_059,Polyphaga,Byrrhoidea,Byrrhidae,Byrrhinae,Simplocaria,semistriata,TRUE,Byr_Byr_Simplocaria
MOL_060,Polyphaga,Byrrhoidea,Byrrhidae,Syncalyptinae,Microchaetes,sp.,TRUE,Byr_Byr_Microchaetes
MOL_061,Polyphaga,Byrrhoidea,Callirhipidae,,Callirhipis,sp.,TRUE,Ela_Cal_Callirhipis
MOL_062,Polyphaga,Byrrhoidea,Chelonariidae,,Chelonarium,sp.,TRUE,Byr_Che_Chelonarium
MOL_063,Polyphaga,Byrrhoidea,Cneoglossidae,,Cneoglossa,sp.,TRUE,Byr_Cne_Cneoglossa
MOL_064,Polyphaga,Byrrhoidea,Dryopidae,,Helichus,sp.,TRUE,Byr_Dry_Helichus
MOL_065,Polyphaga,Byrrhoidea,Elmidae,Elminae,Optioservus,sp.,TRUE,Byr_Elm_Optioservus
MOL_066,Polyphaga,Byrrhoidea,Elmidae,Larainae,Lara,avara,TRUE,Byr_Elm_Lara
MOL_067,Polyphaga,Byrrhoidea,Eulichadidae,,Stenocolus,scutellaris,TRUE,Byr_Eul_Stenocolus
MOL_068,Polyphaga,Byrrhoidea,Heteroceridae,Heterocerinae,Heterocerus,fenestratus,TRUE,Byr_Het_Heterocerus
MOL_069,Polyphaga,Byrrhoidea,Limnichiidae,Limnichinae,Byrrhinus,sp.,TRUE,Byr_Lim_Byrrhinus
MOL_070,Polyphaga,Byrrhoidea,Lutrochidae,,Lutrochus,arizonicus,TRUE,Byr_Lut_Lutrochus
MOL_071,Polyphaga,Byrrhoidea,Psephenidae,Eubrianacinae,Eubrianax,edwardsi,TRUE,Byr_Pse_Eubrianax
MOL_072,Polyphaga,Byrrhoidea,Psephenidae,Psepheninae,Psephenus,minckleyi,TRUE,Byr_Pse_Psephenus
MOL_073,Polyphaga,Byrrhoidea,Ptilodactylidae,Anchytarsinae,Anchyteis,velutina,FALSE,Byr_Pti_Anchyteis
MOL_074,Polyphaga,Byrrhoidea,Ptilodactylidae,Ptilodactylinae,Ptilodactyla,sp.,TRUE,Byr_Pti_Ptilodactyla
MOL_075,Polyphaga,Chrysomeloidea,Cerambycidae,Cerambycinae,Phoracantha,semipunctata,TRUE,Chr_Cer_Phoracantha
MOL_076,Polyphaga,Chrysomeloidea,Cerambycidae,Dorcasominae,Apatophysis,barbara,FALSE,Chr_Cer_Apatophysis
MOL_077,Polyphaga,Chrysomeloidea,Cerambycidae,Lamiinae,Tetraopes,tetropthalmus,TRUE,Chr_Cer_Tetraopes
MOL_078,Polyphaga,Chrysomeloidea,Cerambycidae,Lepturinae,Rutpela,maculata,TRUE,Chr_Cer_Rutpela
MOL_079,Polyphaga,Chrysomeloidea,Cerambycidae,Parandrinae,Parandra,spp.,TRUE,Chr_Cer_Parandra
MOL_080,Polyphaga,Chrysomeloidea,Cerambycidae,Prioninae,Prionus,laticollis,TRUE,Chr_Cer_Prionus
MOL_081,Polyphaga,Chrysomeloidea,Chrysomelidae,Cryptocephalinae,Mylassa,rubronotata,FALSE,Chr_Chr_Mylassa
MOL_082,Polyphaga,Chrysomeloidea,Chrysomelidae,Cryptocephalinae,Neochlamisus,bebbiana,TRUE,Chr_Chr_Neochlamisus
MOL_083,Polyphaga,Chrysomeloidea,Chrysomelidae,Bruchinae,,Chimaera,TRUE,Chr_Chr_Bruchinae
MOL_084,Polyphaga,Chrysomeloidea,Chrysomelidae,Cassidinae,Cephaloleia,belti,TRUE,Chr_Chr_Cephaloleia
MOL_085,Polyphaga,Chrysomeloidea,Chrysomelidae,Chrysomelinae,Chrysomela,vigipunctata,TRUE,Chr_Chr_Chrysomela
MOL_086,Polyphaga,Chrysomeloidea,Chrysomelidae,Criocerinae,Crioceris,duodecimpunctata,TRUE,Chr_Chr_Crioceris
MOL_087,Polyphaga,Chrysomeloidea,Chrysomelidae,Galerucinae,Diabrotica,limitata,FALSE,Chr_Chr_Diabrotica
MOL_088,Polyphaga,Chrysomeloidea,Disteniidae,,Distenia,nr. spinipennis,TRUE,Chr_Cer_Distenia
MOL_089,Polyphaga,Chrysomeloidea,Megalopodidae,Palophaginae,Palophagoides,vargasorum,FALSE,Chr_Meg_Palophagoides
MOL_090,Polyphaga,Chrysomeloidea,Orsodacnidae,Aulacoscelidinae,Aulacoscelis,costaricensis,TRUE,Chr_Ors_Aulacoscelis
MOL_091,Polyphaga,Chrysomeloidea,Oxypeltidae,,Oxypeltus,quadrispinosus,TRUE,Chr_Oxy_Oxypeltus
MOL_092,Polyphaga,Chrysomeloidea,Vesperidae,Anoplodermatinae,Migdolus,fryanus,FALSE,Chr_Cer_Migdolus
MOL_093,Polyphaga,Chrysomeloidea,Vesperidae,Vesperinae,Vesperus,sanzi,FALSE,Chr_Cer_Vesperus
MOL_094,Polyphaga,Cleroidea,Acanthocnemidae,,Acanthocnemus,nigricans,TRUE,Cle_Aca_Acanthocnemus
MOL_095,Polyphaga,Cleroidea,Chaetosomatidae,,Chaetosoma,scaritides,TRUE,Cle_Cha_Chaetosoma
MOL_096,Polyphaga,Cleroidea,Cleridae,Clerinae,Trichodes,ornatus,TRUE,Cle_Cle_Trichodes
MOL_097,Polyphaga,Cleroidea,Cleridae,Korynetinae,Necrobia,sp.,TRUE,Cle_Cle_Necrobia
MOL_098,Polyphaga,Cleroidea,Cleridae,Tillinae,Cymatodera,californica,TRUE,Cle_Cle_Cymatodera
MOL_099,Polyphaga,Cleroidea,Melyridae,Dasytinae,Listrus,sp.,TRUE,Cle_Mel_Listrus
MOL_100,Polyphaga,Cleroidea,Melyridae,Malachiinae,Collops,sp.,TRUE,Cle_Mel_Collops
MOL_101,Polyphaga,Cleroidea,Melyridae,Melyrinae,Astylus,sp.,TRUE,Cle_Mel_Astylus
MOL_102,Polyphaga,Cleroidea,Melyridae,Melyrinae,Melyris,viridis,TRUE,Cle_Mel_Melyris
MOL_103,Polyphaga,Cleroidea,Metaxinidae,,Metaxina,ornata,TRUE,Cle_Met_Metaxina
MOL_104,Polyphaga,Cleroidea,Phycosecidae,,Phycosecis,limbata,TRUE,Cle_Phy_Phycosecis
MOL_105,Polyphaga,Cleroidea,Prionoceridae,,Idgia,sp.,TRUE,Cle_Pri_Igdia
MOL_106,Polyphaga,Cleroidea,Thanerocleridae,Thaneroclerinae,Isoclerus,sp.,FALSE,Cle_Tha_Isoclerus
MOL_107,Polyphaga,Cleroidea,Trogossitidae,Lophocaritinae,Gryonoma,sp.,TRUE,Cle_Tro_Gryonoma
MOL_108,Polyphaga,Cleroidea,Trogossitidae,Peltinae,Acalanthis,sp.,TRUE,Cle_Tro_Acalanthis
MOL_109,Polyphaga,Cleroidea,Trogossitidae,Peltinae,Eronyxa,angusta,TRUE,Cle_Tro_Eronyxa
MOL_110,Polyphaga,Cleroidea,Trogossitidae,Peltinae,Rentonellum,sp.,TRUE,Cle_Tro_Rentonellum
MOL_111,Polyphaga,Cleroidea,Trogossitidae,Peltinae,Thymalus,sp.,TRUE,Cle_Tro_Thymalus
MOL_112,Polyphaga,Cleroidea,Trogossitidae,Trogossitinae,Temnoscheila,sp.,TRUE,Cle_Tro_Temnoscheila
MOL_113,Polyphaga,Coccinelloidea,Akalyptoischidae,,Akalyptoischion,atrichos,FALSE,Cuc_Aka_Akalyptoischion
MOL_114,Polyphaga,Coccinelloidea,Alexiidae,,Sphaerosoma,sp.,FALSE,Cuc_Ale_Sphaerosoma
MOL_115,Polyphaga,Coccinelloidea,Bothrideridae,Bothrideridinae,Bothrideres,sp.,FALSE,Cuc_Bot_Bothrideres
MOL_116,Polyphaga,Coccinelloidea,Bothrideridae,Teredinae,Teredolaemus,sp.,TRUE,Cuc_Bot_Teredolaemus
MOL_117,Polyphaga,Coccinelloidea,Bothrideridae,Xylariophilinae,Xylariophilus,sp.,TRUE,Cuc_Bot_Xylariophilus
MOL_118,Polyphaga,Coccinelloidea,Cerylonidae,Ceryloninae,Philothermus,glabriculus,FALSE,Cuc_Cer_Philothermus
MOL_119,Polyphaga,Coccinelloidea,Cerylonidae,Murmidiinae,Murmidius,ovalis,FALSE,Cuc_Cer_Murmidius
MOL_120,Polyphaga,Coccinelloidea,Cerylonidae,Ostomopsinae,Ostomopsis,sp.,TRUE,Cuc_Cer_Ostomopsis
MOL_121,Polyphaga,Coccinelloidea,Coccinellidae,Coccinellinae,Chilocorus,cacti,TRUE,Cuc_Coc_Chilocorus
MOL_122,Polyphaga,Coccinelloidea,Coccinellidae,Coccinellinae,Delphastus,sp.,FALSE,Cuc_Coc_Delphastus
MOL_123,Polyphaga,Coccinelloidea,Coccinellidae,Coccinellinae,Epilachna,sp.,FALSE,Cuc_Coc_Epilachna
MOL_124,Polyphaga,Coccinelloidea,Coccinellidae,Coccinellinae,Harmonia,axyridis,TRUE,Cuc_Coc_Harmonia
MOL_125,Polyphaga,Coccinelloidea,Coccinellidae,Coccinellinae,Platynaspis,sp.,TRUE,Cuc_Coc_Platynaspis
MOL_126,Polyphaga,Coccinelloidea,Coccinellidae,Coccinellinae,Rhyzobius,sp.,TRUE,Cuc_Coc_Rhyzobius
MOL_127,Polyphaga,Coccinelloidea,Coccinellidae,Coccinellinae,Rodolia,sp.,TRUE,Cuc_Coc_Rodolia
MOL_128,Polyphaga,Coccinelloidea,Coccinellidae,Coccinellinae,Stethorus,sp.,TRUE,Cuc_Coc_Stethorus
MOL_129,Polyphaga,Coccinelloidea,Corylophidae,Corylophinae,Clypastraea,sp.,TRUE,Cuc_Cor_Clypastraea
MOL_130,Polyphaga,Coccinelloidea,Corylophidae,Corylophinae,Holopsis,rotundata,TRUE,Cuc_Cor_Holopsis
MOL_131,Polyphaga,Coccinelloidea,Corylophidae,Corylophinae,Orthoperus,sp.,TRUE,Cuc_Cor_Orthoperus
MOL_132,Polyphaga,Coccinelloidea,Corylophidae,Periptyctinae,Periptycus,sp.,FALSE,Cuc_Cor_Periptycus
MOL_133,Polyphaga,Coccinelloidea,Discolomatidae,Aphanocephalinae,Aphanocephalus,hemisphericus,TRUE,Cuc_Dis_Aphanocephalus
MOL_134,Polyphaga,Coccinelloidea,Discolomatidae,Aphanocephalinae,Fallia,sp.,TRUE,Cuc_Dis_Fallia
MOL_135,Polyphaga,Coccinelloidea,Endomychidae,Anamorphinae,Bystus,ulkei,FALSE,Cuc_End_Bystus
MOL_136,Polyphaga,Coccinelloidea,Endomychidae,Endomychinae,Endomychus,biguttatus,TRUE,Cuc_End_Endomychus
MOL_137,Polyphaga,Coccinelloidea,Endomychidae,Epipocinae,Epipocus,sp.,TRUE,Cuc_End_Epipocus
MOL_138,Polyphaga,Coccinelloidea,Endomychidae,Merophysiinae,Holoparamecus,kunzei,TRUE,Cuc_End_Holoparamecus
MOL_139,Polyphaga,Coccinelloidea,Latridiidae,Corticariinae,Corticaria,ferruginea,TRUE,Cuc_Lat_Corticaria
MOL_140,Polyphaga,Coccinelloidea,Latridiidae,Latridiinae,Eufallia,seminiveus,TRUE,Cuc_Lat_Eufallia
MOL_141,Polyphaga,Cucujoidea,Agapythidae,,Agapytho,foveicollis,TRUE,Cuc_Aga_Agapytho
MOL_142,Polyphaga,Cucujoidea,Biphyllidae,,Diplocoelus,brunneus,TRUE,Cuc_Bip_Diplocoelus
MOL_143,Polyphaga,Cucujoidea,Boganiidae,Paracucujinae,Paracucujus,rostratus,TRUE,Cuc_Bog_Paracucujus
MOL_144,Polyphaga,Cucujoidea,Byturidae,Byturinae,Xerasia,sp.,TRUE,Cuc_Byt_Xerasia
MOL_145,Polyphaga,Cucujoidea,Byturidae,Platydascillinae,Dascillocyphon,n. sp,FALSE,Cuc_Byt_Dascillocyphon
MOL_146,Polyphaga,Cucujoidea,Cavognathidae,,Cavognatha,sp.,TRUE,Cuc_Cav_Cavognatha
MOL_147,Polyphaga,Cucujoidea,Cavognathidae,Euxestinae,Hypodacnella,rubriceps,TRUE,Cuc_Cer_Hypodacnella
MOL_148,Polyphaga,Cucujoidea,Cryptophagidae,Atomariinae,Atomaria,sp.,TRUE,Cuc_Cry_Atomaria
MOL_149,Polyphaga,Cucujoidea,Cryptophagidae,Atomariinae,Paratomaria,crowsoni,TRUE,Cuc_Cry_Paratomaria
MOL_150,Polyphaga,Cucujoidea,Cryptophagidae,Cryptophaginae,Cryptophagus,sp.,TRUE,Cuc_Cry_Cryptophagus
MOL_151,Polyphaga,Cucujoidea,Cryptophagidae,Cryptophaginae,Micrambina,sp.,TRUE,Cuc_Cry_Micrambina
MOL_152,Polyphaga,Cucujoidea,Cucujidae,,Cucujus,clavipes,TRUE,Cuc_Cuc_Cucujus
MOL_153,Polyphaga,Cucujoidea,Cyclaxyridae,,Cyclaxyra,politula,TRUE,Cuc_Cyc_Cyclaxyra
MOL_154,Polyphaga,Cucujoidea,Erotylidae,Cryptophilinae,Toramus,pulchellus,TRUE,Cuc_Ero_Toramus
MOL_155,Polyphaga,Cucujoidea,Erotylidae,Erotylinae,Dacne,californica,TRUE,Cuc_Ero_Dacne
MOL_156,Polyphaga,Cucujoidea,Erotylidae,Erotylinae,Pselaphacus,signatus,TRUE,Cuc_Ero_Pselaphacus
MOL_157,Polyphaga,Cucujoidea,Erotylidae,Languriinae,Languria,mozardi,TRUE,Cuc_Ero_Languria
MOL_158,Polyphaga,Cucujoidea,Erotylidae,Xenoscelinae,Pharaxanotha,floridana,TRUE,Cuc_Ero_Pharaxanotha
MOL_159,Polyphaga,Cucujoidea,Helotidae,,Helota,sp.,TRUE,Cuc_Hel_Helota
MOL_160,Polyphaga,Cucujoidea,Hobartiidae,Hobartiinae,Hobartius,sp.,TRUE,Cuc_Hob_Hobartius
MOL_161,Polyphaga,Cucujoidea,Kateretidae,,Amartus,sp.,TRUE,Cuc_Kat_Amartus
MOL_162,Polyphaga,Cucujoidea,Laemophloeidae,,Laemophloeus,fasciatus,TRUE,Cuc_Lae_Laemophloeus
MOL_163,Polyphaga,Cucujoidea,Monotomidae,Monotominae,Bactridium,sp.,TRUE,Cuc_Mon_Bactridium
MOL_164,Polyphaga,Cucujoidea,Monotomidae,Rhizophaginae,Rhizophagus,remotus,TRUE,Cuc_Mon_Rhizophagus
MOL_165,Polyphaga,Cucujoidea,Myraboliidae,,Myrabolia,sp.,TRUE,Cuc_Myr_Myrabolia
MOL_166,Polyphaga,Cucujoidea,Nitidulidae,Carpophilinae,Carpophilus,pallipennis,TRUE,Cuc_Nit_Carpophilus
MOL_167,Polyphaga,Cucujoidea,Nitidulidae,Cillaeinae,Brachypeplus,anceps,TRUE,Cuc_Nit_Brachypeplus
MOL_168,Polyphaga,Cucujoidea,Nitidulidae,Cryptarchinae,Glischrochilus,quadrisignatus,TRUE,Cuc_Nit_Glischrochilus
MOL_169,Polyphaga,Cucujoidea,Nitidulidae,Nitidulinae,Stelidota,gemminata,TRUE,Cuc_Nit_Stelidota
MOL_170,Polyphaga,Cucujoidea,Passandridae,,Catogenus,rufus,TRUE,Cuc_Pas_Catogenus
MOL_171,Polyphaga,Cucujoidea,Passandridae,,Passandra,sp.,FALSE,Cuc_Pas_Passandra
MOL_172,Polyphaga,Cucujoidea,Phalacridae,Phaenocephalinae,Phalacrinus,sp.,TRUE,Cuc_Pha_Phalacrinus
MOL_173,Polyphaga,Cucujoidea,Phalacridae,Phalacrinae,Olibrus,sp.,TRUE,Cuc_Pha_Olibrus
MOL_174,Polyphaga,Cucujoidea,Phloeostichidae,,Hymaea,magna,TRUE,Cuc_Phl_Hymaea
MOL_175,Polyphaga,Cucujoidea,Priasilphidae,,Priasticus,sp.,TRUE,Cuc_Phl_Priasticus
MOL_176,Polyphaga,Cucujoidea,Priasilphidae,,Priasilpha,obscura,TRUE,Cuc_Pri_Priasilpha
MOL_177,Polyphaga,Cucujoidea,Propalticidae,,Propalticus,sp.,TRUE,Cuc_Pro_Propalticus
MOL_178,Polyphaga,Cucujoidea,Protocucujidae,,Ericmodes,sylvaticus,TRUE,Cuc_Pro_Ericmodes
MOL_179,Polyphaga,Cucujoidea,Silvanidae,Brontinae,Uleiota,truncatus,TRUE,Cuc_Sil_Uleiota
MOL_180,Polyphaga,Cucujoidea,Silvanidae,Silvaninae,Oryzaephilus,surinamensis,FALSE,Cuc_Sil_Oryzaephilus
MOL_181,Polyphaga,Cucujoidea,Smicripidae,,Smicrips,palmicola,TRUE,Cuc_Smi_Smicrips
MOL_182,Polyphaga,Cucujoidea,Sphindidae,Protosphindinae,Protosphindus,chilensis,TRUE,Cuc_Sph_Protosphindus
MOL_183,Polyphaga,Cucujoidea,Sphindidae,Sphindinae,Sphindus,americanus,TRUE,Cuc_Sph_Sphindus
MOL_184,Polyphaga,Curculionoidea,Anthribidae,Anthribinae,Toxonotus,cornutus,TRUE,Cur_Ant_Toxonotus
MOL_185,Polyphaga,Curculionoidea,Anthribidae,Urodontinae,Urodontus,mesemoides,TRUE,Cur_Ant_Urodontus
MOL_186,Polyphaga,Curculionoidea,Attelabidae,Rhynchitinae,Merhynchites,sp.,TRUE,Cur_Ate_Merhynchites
MOL_187,Polyphaga,Curculionoidea,Attelabidae,Rhynchitinae,Rhynchitini,Gen.,TRUE,Cur_Att_Rhynchitini
MOL_188,Polyphaga,Curculionoidea,Belidae,Belinae,Rhinotia,sp.,TRUE,Cur_Bel_Rhinotia
MOL_189,Polyphaga,Curculionoidea,Belidae,Oxycoryninae,Oxycraspedus,cribicollis,TRUE,Cur_Bel_Oxycraspedus
MOL_190,Polyphaga,Curculionoidea,Belidae,Oxycoryninae,Rhopalotria,mollis,TRUE,Cur_Bel_Rhopalotria
MOL_191,Polyphaga,Curculionoidea,Brentidae,Brentinae,Cylas,formacarius,TRUE,Cur_Bre_Cylas
MOL_192,Polyphaga,Curculionoidea,Brentidae,Eurhynchinae,Eurhynchus,laevior,TRUE,Cur_Bre_Eurhynchus
MOL_193,Polyphaga,Curculionoidea,Caridae,Carinae,Car,pini,TRUE,Cur_Car_Car
MOL_194,Polyphaga,Curculionoidea,Curculionidae,Brachycerinae,Ocladius,sp.,TRUE,Cur_Bra_Ocladius
MOL_195,Polyphaga,Curculionoidea,Curculionidae,Brachycerinae,Notaris,,TRUE,Cur_Cur_Notaris
MOL_196,Polyphaga,Curculionoidea,Curculionidae,Curculioninae,Curculio,"caryae, glandium, niveopictus",TRUE,Cur_Cur_Curculio
MOL_197,Polyphaga,Curculionoidea,Curculionidae,Dryophthorinae,Sphenophorus,brunnipennis,TRUE,Cur_Cur_Sphenophorus
MOL_198,Polyphaga,Curculionoidea,Curculionidae,Entiminae,Naupactus,,TRUE,Cur_Cur_Naupactus
MOL_199,Polyphaga,Curculionoidea,Curculionidae,Molytinae,Porthetes,,TRUE,Cur_Cur_Porthetes
MOL_200,Polyphaga,Curculionoidea,Curculionidae,Molytinae,Sympiezoscelus,spencei,TRUE,Cur_Cur_Sympiezoscelus
MOL_201,Polyphaga,Curculionoidea,Curculionidae,Molytinae,Tranes,lyteroides,FALSE,Cur_Cur_Tranes
MOL_202,Polyphaga,Curculionoidea,Curculionidae,Platypodinae,Mecopelmus,zetecki,FALSE,Cur_Cur_Mecopelmus
MOL_203,Polyphaga,Curculionoidea,Curculionidae,Platypodinae,Platypus,incompertus,TRUE,Cur_Cur_Platypus
MOL_204,Polyphaga,Curculionoidea,Curculionidae,Scolytinae,Dendroctonus,"frontalis, ponderosae",TRUE,Cur_Cur_Dendroctonus
MOL_205,Polyphaga,Curculionoidea,Nemonychidae,Nemonychinae,Nemonyx,lepturoides,FALSE,Cur_Nem_Nemonyx
MOL_206,Polyphaga,Curculionoidea,Nemonychidae,Rhinorhynchinae,Rhynchitomacerinus,kuscheli,TRUE,Cur_Nem_Rhynchitomacerinus
MOL_207,Polyphaga,Dascilloidea,Dascillidae,Dascillinae,Dascillus,sp.,TRUE,Das_Das_Dascillus
MOL_208,Polyphaga,Dascilloidea,Dascillidae,Karumiinae,Anorus,piceus,TRUE,Das_Das_Anorus
MOL_209,Polyphaga,Dascilloidea,Rhipiceridae,Rhipicerinae,Sandalus,sp.,TRUE,Das_Rhi_Sandalus
MOL_210,Polyphaga,Dascilloidea,Rhipiceridae,Rhipicerinae,Rhipicera,sp.,FALSE,Das_Rhip_Rhipicera
MOL_211,Polyphaga,Derodontoidea,Derodontidae,Derodontinae,Derodontus,sp.,TRUE,Der_Der_Derodontus
MOL_212,Polyphaga,Derodontoidea,Derodontidae,Laricobiinae,Laricobius,nigrinus,TRUE,Der_Der_Laricobius
MOL_213,Polyphaga,Derodontoidea,Derodontidae,Laricobiinae,Nothoderodontus,sp.,TRUE,Der_Der_Nothoderodontus
MOL_214,Polyphaga,Derodontoidea,Jacobsoniidae,,Derolathrus,sp.,TRUE,Bos_Jac_Derolathrus
MOL_215,Polyphaga,Derodontoidea,Jacobsoniidae,,Saphophagus,minutus,TRUE,Bos_Jac_Saphophagus
MOL_216,Polyphaga,Derodontoidea,Nosodendridae,,Nosodendron,"unicolor, californica",TRUE,Bos_Nos_Nosodendron
MOL_217,Polyphaga,Elateroidea,Artematopidae,Artematopodinae,Macropogon,testaceipennis,TRUE,Ela_Art_Macropogon
MOL_218,Polyphaga,Elateroidea,Brachypsectridae,,Brachypsectra,fulva,TRUE,Ela_Bra_Brachypsectra
MOL_219,Polyphaga,Elateroidea,Cantharidae,Chauliognathinae,Chauliognathus,opacus,TRUE,Ela_Can_Chauliognathus
MOL_220,Polyphaga,Elateroidea,Cantharidae,Malthininae,Malthodes,sp.,TRUE,Ela_Can_Malthodes
MOL_221,Polyphaga,Elateroidea,Cantharidae,Silinae,Silis,sp.,TRUE,Ela_Can_Silis
MOL_222,Polyphaga,Elateroidea,Cerophytidae,,Cerophytum,sp.,TRUE,Ela_Cer_Cerophytum
MOL_223,Polyphaga,Elateroidea,Drilidae,Drilinae,Drilus,sp.,TRUE,Ela_Dri_Drilus
MOL_224,Polyphaga,Elateroidea,Elateridae,Cebrioninae,Selonodon,floridensis,TRUE,Ela_Ela_Selonodon
MOL_225,Polyphaga,Elateroidea,Elateridae,Elaterinae,Ampedus,sp.,TRUE,Ela_Ela_Ampedus
MOL_226,Polyphaga,Elateroidea,Elateridae,Elaterinae,Cardiophorus,sp.,TRUE,Ela_Ela_Cardiophorus
MOL_227,Polyphaga,Elateroidea,Elateridae,Lissominae,Lissomus,sp.,TRUE,Ela_Ela_Lissomus
MOL_228,Polyphaga,Elateroidea,Eucnemidae,Anischiinae,Anischia,bicolor,TRUE,Ela_Euc_Anischia
MOL_229,Polyphaga,Elateroidea,Eucnemidae,Malasinae,Melasis,buprestoides,TRUE,Ela_Euc_Melasis
MOL_230,Polyphaga,Elateroidea,Lampyridae,Lampyrinae,Ellychnia,californica,TRUE,Ela_Lam_Ellychnia
MOL_231,Polyphaga,Elateroidea,Lampyridae,Lampyrinae,Pyrocoelia,sp.,TRUE,Ela_Lam_Pyrocoelia
MOL_232,Polyphaga,Elateroidea,Lampyridae,Ototretinae,Ototretadrilus,sp.,FALSE,Ela_Dri_Ototretadrilus
MOL_233,Polyphaga,Elateroidea,Lampyridae,Photurinae,Pterotus,obscuripennis,TRUE,Ela_Lam_Pterotus
MOL_234,Polyphaga,Elateroidea,Lycid ae,Dictyopterinae,Dictyoptera,sp.,TRUE,Ela_Lyc_Dictyoptera
MOL_235,Polyphaga,Elateroidea,Lycidae,Lycinae,Lycus,sp.,TRUE,Ela_Lyc_Lycus
MOL_236,Polyphaga,Elateroidea,Omalisidae,,Omalisus,fontisbellaquezi,TRUE,Ela_Oma_Omalisus
MOL_237,Polyphaga,Elateroidea,Omethidae,Matheteinae,Matheteus,theveneti,TRUE,Ela_Ome_Matheteus
MOL_238,Polyphaga,Elateroidea,Phengodidae,Mastinocerinae,Cenophengus,debilis,TRUE,Ela_Phe_Cenophengus
MOL_239,Polyphaga,Elateroidea,Phengodidae,Phengodinae,Phengodes,sp.,TRUE,Ela_Phe_Phengodes
MOL_240,Polyphaga,Elateroidea,Podabrocephalidae,,Podabrocephalus,sp.,TRUE,Ela_Pod_Podabrocephalus
MOL_241,Polyphaga,Elateroidea,Rhagophthalmidae,,Rhagophthalmus,ohbai,TRUE,Ela_Rha_Rhagopthalmus
MOL_242,Polyphaga,Elateroidea,Telegeusidae,,Telegeusis,sp.,TRUE,Ela_Tel_Telegeusis
MOL_243,Polyphaga,Elateroidea,Throscidae,,Aulonothroscus,sp.,TRUE,Ela_Thr_Aulonothroscus
MOL_244,Polyphaga,Hydrophiloidea,Georissidae,Georissinae,Georissus,sp.,TRUE,Hyd_Geo_Georissus
MOL_245,Polyphaga,Hydrophiloidea,Helophoridae,Helophorinae,Helophorus,sp.,TRUE,Hyd_Hel_Helophorus
MOL_246,Polyphaga,Hydrophiloidea,Histeridae,Dendrophilinae,Bacanius,globulinus,TRUE,Hyd_His_Bacanius
MOL_247,Polyphaga,Hydrophiloidea,Histeridae,Dendrophilinae,Carcinops,pumilio,TRUE,Hyd_His_Carcinops
MOL_248,Polyphaga,Hydrophiloidea,Histeridae,Histerinae,Hister,sp.,TRUE,Hyd_His_Hister
MOL_249,Polyphaga,Hydrophiloidea,Histeridae,Saprininae,Euspilotus,scissus,TRUE,Hyd_His_Euspilotus
MOL_250,Polyphaga,Hydrophiloidea,Hydrophilidae,Hydrophilinae,Tropisternus,sp.,TRUE,Hyd_Hyd_Tropisternus
MOL_251,Polyphaga,Hydrophiloidea,Hydrophilidae,Sphaeridiinae,Andotypus,ashworthi,FALSE,Hyd_Hyd_Andotypus
MOL_252,Polyphaga,Hydrophiloidea,Spercheidae,Spercheinae,Spercheus,"emarginatus, other",TRUE,Hyd_Spe_Spercheus
MOL_253,Polyphaga,Hydrophiloidea,Sphaeritidae,,Sphaerites,glabratus,TRUE,Hyd_Sph_Sphaerites
MOL_254,Polyphaga,Hydrophiloidea,Synteliidae,,Syntelia,histeroides,TRUE,Hyd_Syn_Syntelia
MOL_255,Polyphaga,Lymexyloidea,Lymexylidae,Atractocerinae,Atractocerus,sp.,TRUE,Lym_Lym_Atractocerus
MOL_256,Polyphaga,Scarabaeoidea,Diphyllostomatidae,,Diphyllostoma,fimbriata,TRUE,Sca_Dip_Diphyllostoma
MOL_257,Polyphaga,Scarabaeoidea,Geotrupidae,Bolboceratinae,Odonteus,armiger,FALSE,Sca_Geo_Odonteus
MOL_258,Polyphaga,Scarabaeoidea,Geotrupidae,Geotrupiinae,Geotrupes,stercorarius,FALSE,Sca_Geo_Geotrupes
MOL_259,Polyphaga,Scarabaeoidea,Geotrupidae,Taurocerastinae,Taurocerastes,patagonicus,FALSE,Sca_Geo_Taurocerastes
MOL_260,Polyphaga,Scarabaeoidea,Glaphyridae,Glaphyrinae,Lichnanthe,apina,FALSE,Sca_Gla_Lichnanthe
MOL_261,Polyphaga,Scarabaeoidea,Glaresidae,,Glaresis,ecostata,FALSE,Sca_Gla_Glaresis
MOL_262,Polyphaga,Scarabaeoidea,Hybosoridae,Hybosorinae,Hybosorus,illigeri,FALSE,Sca_Hyb_Hybosorus
MOL_263,Polyphaga,Scarabaeoidea,Lucanidae,Aesalinae,Nicagus,obscurus,FALSE,Sca_Luc_Nicagus
MOL_264,Polyphaga,Scarabaeoidea,Lucanidae,Lucaninae,Lucanus,sp.,TRUE,Sca_Luc_Lucanus
MOL_265,Polyphaga,Scarabaeoidea,Ochodaeidae,Ochodaeinae,Ochodaeus,cornifrons,FALSE,Sca_Och_Ochodaeus
MOL_266,Polyphaga,Scarabaeoidea,Passalidae,Passalinae,Passalus,punctiger,FALSE,Sca_Pas_Passalus
MOL_267,Polyphaga,Scarabaeoidea,Pleocomidae,Pleocominae,Pleocoma,australis,FALSE,Sca_Ple_Pleocoma
MOL_268,Polyphaga,Scarabaeoidea,Scarabaeidae,Aphodiinae,Aphodius,fimetarius,FALSE,Sca_Sca_Aphodius
MOL_269,Polyphaga,Scarabaeoidea,Scarabaeidae,Cetoniinae,Cetonia,aurata,FALSE,Sca_Sca_Cetonia
MOL_270,Polyphaga,Scarabaeoidea,Scarabaeidae,Dynastinae,Dynastes,granti,TRUE,Sca_Sca_Dynastes
MOL_271,Polyphaga,Scarabaeoidea,Scarabaeidae,Melolonthinae,Rhopaea,"magnicornis, other",TRUE,Sca_Sca_Rhopaea
MOL_272,Polyphaga,Scarabaeoidea,Scarabaeidae,Scarabaeinae,Scarabaeus,deludens,FALSE,Sca_Sca_Scarabaeus
MOL_273,Polyphaga,Scarabaeoidea,Trogidae,Troginae,Trox,gemmulatus,FALSE,Sca_Tro_Trox
MOL_274,Polyphaga,Scirtoidea,Clambidae,Clambinae,Clambus,seminulum,TRUE,Sci_Cla_Clambus
MOL_275,Polyphaga,Scirtoidea,Clambidae,Clambinae,Loricaster,rotundus,TRUE,Sci_Cla_Loricaster
MOL_276,Polyphaga,Scirtoidea,Decliniidae,,Declinia,relicta,TRUE,Sci_Dec_Declinia
MOL_277,Polyphaga,Scirtoidea,Eucinetidae,,Eucinetus,sp.,TRUE,Sci_Euc_Eucinetus
MOL_278,Polyphaga,Scirtoidea,Eucinetidae,,Noteucinetus,sp.,TRUE,Sci_Euc_Noteucinetus
MOL_279,Polyphaga,Scirtoidea,Eucinetidae,,Nycteus,infumatus,TRUE,Sci_Euc_Nycteus
MOL_280,Polyphaga,Scirtoidea,Scirtidae,Scirtinae,Veronatus,sp.,TRUE,Sci_Sci_Veronatus
MOL_281,Polyphaga,Scirtoidea,Scirtidae,Scirtinae,Cyphon,sp.,TRUE,Sci_Sci_Cyphon
MOL_282,Polyphaga,Scirtoidea,Scirtidae,Scirtinae,Elodes,apicalis,TRUE,Sci_Sci_Elodes
MOL_283,Polyphaga,Scirtoidea,Scirtidae,Scirtinae,Prionocyphon,sp.,TRUE,Sci_Sci_Prionocyphon
MOL_284,Polyphaga,Scirtoidea,Scirtidae,Scirtinae,Scirtes,sp.,TRUE,Sci_Sci_Scirtes
MOL_285,Polyphaga,Staphylinoidea,Agyrtidae,Agyrtinae,Ipelates,latus,TRUE,Sta_Agy_Ipelates
MOL_286,Polyphaga,Staphylinoidea,Agyrtidae,Necrophilinae,Necrophilus,hydrophiloides,TRUE,Sta_Agy_Necrophilus
MOL_287,Polyphaga,Staphylinoidea,Agyrtidae,Pterolomatinae,Apteroloma,tenuicorne,TRUE,Sta_Agy_Apteroloma
MOL_288,Polyphaga,Staphylinoidea,Hydraenidae,Hydraeninae,Hydraena,californica,TRUE,Sta_Hyd_Hydraena
MOL_289,Polyphaga,Staphylinoidea,Hydraenidae,Ochthebiinae,Meropathus,sp.,TRUE,Sta_Hyd_Meropathus
MOL_290,Polyphaga,Staphylinoidea,Hydraenidae,Ochthebiinae,Ochthebius,sp.,FALSE,Sta_Hyd_Ochthebius
MOL_291,Polyphaga,Staphylinoidea,Leiodidae,Camiarinae,Agyrtodes,ovatus,TRUE,Sta_Lei_Agyrtodes
MOL_292,Polyphaga,Staphylinoidea,Leiodidae,Cholevinae,Prionochaeta,opaca,TRUE,Sta_Lei_Prionochaeta
MOL_293,Polyphaga,Staphylinoidea,Leiodidae,Coloninae,Colon,hirtale,TRUE,Sta_Lei_Colon
MOL_294,Polyphaga,Staphylinoidea,Leiodidae,Leiodinae,Anisotoma,"blanchardi, others",TRUE,Sta_Lei_Anisotoma
MOL_295,Polyphaga,Staphylinoidea,Ptiliidae,Acrotrichinae,Acrotrichis,various,TRUE,Sta_Pti_Acrotrichis
MOL_296,Polyphaga,Staphylinoidea,Ptiliidae,Ptiliinae,Nossidium,sp.,TRUE,Sta_Pti_Nossidium
MOL_297,Polyphaga,Staphylinoidea,Silphidae,Nicrophorinae,Nicrophorus,tomentosus,TRUE,Sta_Sil_Nicrophorus
MOL_298,Polyphaga,Staphylinoidea,Silphidae,Silphinae,Necrophila,americana,TRUE,Sta_Sil_Necrophila
MOL_299,Polyphaga,Staphylinoidea,Staphylinidae,Glypholomatinae,Glypholoma,pecki,TRUE,Sta_Sta_Glypholoma
MOL_300,Polyphaga,Staphylinoidea,Staphylinidae,Omaliinae,Paraphloeostiba,gayndahensis,TRUE,Sta_Sta_Paraphloeostiba
MOL_301,Polyphaga,Staphylinoidea,Staphylinidae,Osoriinae,Renardia,cf. nigrella,TRUE,Sta_Sta_Renardia
MOL_302,Polyphaga,Staphylinoidea,Staphylinidae,Scaphidiinae,Scaphidium,n. sp.,TRUE,Sta_Sta_Scaphidium
MOL_303,Polyphaga,Staphylinoidea,Staphylinidae,Scydmaeninae,Adrastia,sp.,TRUE,Sta_Scy_Adrastia
MOL_304,Polyphaga,Staphylinoidea,Staphylinidae,Scydmaeninae,Euconnus,sp.,TRUE,Sta_Scy_Euconnus
MOL_305,Polyphaga,Staphylinoidea,Staphylinidae,Scydmaeninae,Palaeostigus,bifoveolatus,TRUE,Sta_Scy_Palaeostigus
MOL_306,Polyphaga,Staphylinoidea,Staphylinidae,Staphylininae,Creophilus,maxillosus,TRUE,Sta_Sta_Creophilus
MOL_307,Polyphaga,Staphylinoidea,Staphylinidae,Tachyporinae,Leucotachinus,luteonitens,TRUE,Sta_Sta_Leucotachinus
MOL_308,Polyphaga,Tenebrionoidea,Aderidae,,Aderus,sp.,TRUE,Ten_Ade_Aderus
MOL_309,Polyphaga,Tenebrionoidea,Anthicidae,Anthicinae,Anthicus,nanus,TRUE,Ten_Ant_Anthicus
MOL_310,Polyphaga,Tenebrionoidea,Anthicidae,Lagrioidinae,Lagrioida,sp.,TRUE,Ten_Ant_Lagrioida
MOL_311,Polyphaga,Tenebrionoidea,Anthicidae,Lemodinae,Lemodes,sp.,TRUE,Ten_Ant_Lemodes
MOL_312,Polyphaga,Tenebrionoidea,Archeocrypticidae,,Archeocrypticus,topali,TRUE,Ten_Arc_Archaeocrypticus
MOL_313,Polyphaga,Tenebrionoidea,Boridae,Borinae,Boros,schneideri,TRUE,Ten_Bor_Boros
MOL_314,Polyphaga,Tenebrionoidea,Chalcodryidae,,Chalcodrya,variegata,TRUE,Ten_Cha_Chalcodrya
MOL_315,Polyphaga,Tenebrionoidea,Ciidae,Ciinae,Cis,vitulus,TRUE,Ten_Cii_Cis
MOL_316,Polyphaga,Tenebrionoidea,Ciidae,Sphindociinae,Sphindocis,denticollis,TRUE,Ten_Cii_Sphindocis
MOL_317,Polyphaga,Tenebrionoidea,Incertae cedis,,Rhizonium,antiquum,TRUE,Ten_Inc_Rhizonium
MOL_318,Polyphaga,Tenebrionoidea,Melandryidae,Melandryinae,Orchesia,sp.,TRUE,Ten_Mel_Orchesia
MOL_319,Polyphaga,Tenebrionoidea,Melandryidae,Melandryinae,Phloiotrya,rufipes,TRUE,Ten_Mel_Phloiotrya
MOL_320,Polyphaga,Tenebrionoidea,Meloidae,Eleticinae,Iselma,pallidipennis,FALSE,Ten_Mel_Iselma
MOL_321,Polyphaga,Tenebrionoidea,Meloidae,Meloinae,Epicauta,sp.,TRUE,Ten_Mel_Epicauta
MOL_322,Polyphaga,Tenebrionoidea,Mordellidae,Mordellinae,Mordella,atrata,TRUE,Ten_Mor_Mordella
MOL_323,Polyphaga,Tenebrionoidea,Mycetophagidae,Mycetophaginae,Mycetophagus,sp.,TRUE,Ten_Myc_Mycetophagus
MOL_324,Polyphaga,Tenebrionoidea,Mycteridae,Eurypinae,Lacconotus,pallidus,TRUE,Ten_Myc_Lacconotus
MOL_325,Polyphaga,Tenebrionoidea,Mycteridae,Hemipeplinae,Hemipeplus,microphthalmus,TRUE,Ten_Myc_Hemipeplus
MOL_326,Polyphaga,Tenebrionoidea,Oedemeridae,Calopodinae,Calopus,angustatus,TRUE,Ten_Oed_Calopus
MOL_327,Polyphaga,Tenebrionoidea,Oedemeridae,Oedomerinae,Ditylus,gracilis,TRUE,Ten_Oed_Ditylus
MOL_328,Polyphaga,Tenebrionoidea,Oedemeridae,Polypriinae,Polypria,sp.,TRUE,Ten_Oed_Polypria
MOL_329,Polyphaga,Tenebrionoidea,Promecheilidae,,Parahelops,sp.,TRUE,Ten_Per_Parahelops
MOL_330,Polyphaga,Tenebrionoidea,Promecheilidae,,Sirrhas,limbatus,TRUE,Ten_Per_Sirrhas
MOL_331,Polyphaga,Tenebrionoidea,Prostomidae,,Prostomis,mandibularis,TRUE,Ten_Pro_Prostomis
MOL_332,Polyphaga,Tenebrionoidea,Pterogeniidae,,Tychogenius,sp.,TRUE,Ten_Pte_Tychogenius
MOL_333,Polyphaga,Tenebrionoidea,Pyrochroidae,Pedilinae,Pedilus,parvicollis,TRUE,Ten_Pyr_Pedilus
MOL_334,Polyphaga,Tenebrionoidea,Pyrochroidae,Pilipalpinae,Morpholycus,monilicornis,TRUE,Ten_Pyr_Morpholycus
MOL_335,Polyphaga,Tenebrionoidea,Pyrochroidae,Pyrochroinae,Pyrochroa,serraticornis,TRUE,Ten_Pyr_Pyrochroa
MOL_336,Polyphaga,Tenebrionoidea,Pythidae,,Pytho,niger,TRUE,Ten_Pyt_Pytho
MOL_337,Polyphaga,Tenebrionoidea,Pythidae,,Ischyomius,sp.,TRUE,Ten_Pyt_Ischyomius
MOL_338,Polyphaga,Tenebrionoidea,Ripiphoridae,Pelecotominae,Pelecotoma,fennica,TRUE,Ten_Rip_Pelecotoma
MOL_339,Polyphaga,Tenebrionoidea,Ripiphoridae,Ripidiinae,Pirhidius,sp.,FALSE,Ten_Rip_Pirhidius
MOL_340,Polyphaga,Tenebrionoidea,Ripiphoridae,Ripiphorinae,Ripiphorus,sp.,TRUE,Ten_Rip_Ripiphorus
MOL_341,Polyphaga,Tenebrionoidea,Salpingidae,Inopeplinae,Euryplatus,dimiolatus,TRUE,Ten_Sal_Euryplatus
MOL_342,Polyphaga,Tenebrionoidea,Salpingidae,Othniinae,Elacatis,sp.,TRUE,Ten_Sal_Elacatis
MOL_343,Polyphaga,Tenebrionoidea,Salpingidae,Prostominiinae,Ocholissa,sp.,FALSE,Ten_Sal_Ocholissa
MOL_344,Polyphaga,Tenebrionoidea,Salpingidae,Salpinginae,Notosalpingus,sp.,TRUE,Ten_Sal_Notosalpingus
MOL_345,Polyphaga,Tenebrionoidea,Salpingidae,Salpinginae,Salpingus,viridiaeneus,TRUE,Ten_Sal_Salpingus
MOL_346,Polyphaga,Tenebrionoidea,Scraptiidae,Anaspidinae,Anaspis,atrata,TRUE,Ten_Scr_Anaspis
MOL_347,Polyphaga,Tenebrionoidea,Scraptiidae,Scraptiinae,Scraptiinae,,TRUE,Ten_Scr_Scraptiinae
MOL_348,Polyphaga,Tenebrionoidea,Stenotrachelidae,Cephaloinae,Cephaloon,bicolor,TRUE,Ten_Ste_Cephaloon
MOL_349,Polyphaga,Tenebrionoidea,Synchroidae,,Synchroa,punctata,TRUE,Ten_Syn_Synchroa
MOL_350,Polyphaga,Tenebrionoidea,Tenebrionidae,Lagriinae,Adelium,sp.,TRUE,Ten_Ten_Adelium
MOL_351,Polyphaga,Tenebrionoidea,Tenebrionidae,Lagriinae,Statira,gagatina,TRUE,Ten_Ten_Statira
MOL_352,Polyphaga,Tenebrionoidea,Tenebrionidae,Pimeliinae,Coelus,ciliatus,TRUE,Ten_Ten_Coelus
MOL_353,Polyphaga,Tenebrionoidea,Tenebrionidae,Tenebrioninae,Leaus,tasmanicus,TRUE,Ten_Ten_Leaus
MOL_354,Polyphaga,Tenebrionoidea,Tenebrionidae,Tenebrioninae,Tribolium,castaneum,TRUE,Ten_Ten_Tribolium
MOL_355,Polyphaga,Tenebrionoidea,Tenebrionidae,Zolodininae,Tanylypa,morio,TRUE,Ten_Ten_Tanylypa
MOL_356,Polyphaga,Tenebrionoidea,Tetratomidae,Eustrophinae,Eustrophopsis,arizonensis,TRUE,Ten_Tet_Eustrophopsis
MOL_357,Polyphaga,Tenebrionoidea,Tetratomidae,Penthinae,Penthe,pimelia,TRUE,Ten_Tet_Penthe
MOL_358,Polyphaga,Tenebrionoidea,Tetratomidae,Tetratominae,Tetratoma,fungorum,TRUE,Ten_Tet_Tetratoma
MOL_359,Polyphaga,Tenebrionoidea,Trachelostenidae,,Trachelostenus,sp.,TRUE,Ten_Tra_Trachelostenus
MOL_360,Polyphaga,Tenebrionoidea,Trictenotomidae,,Trictenotoma,sp.,TRUE,Ten_Tri_Trictenotoma
MOL_361,Polyphaga,Tenebrionoidea,Ulodidae,,Meryx,rugosa,TRUE,Ten_Ulo_Meryx
MOL_362,Polyphaga,Tenebrionoidea,Ulodidae,,Syrphetodes,n. sp.,TRUE,Ten_Ulo_Syrphetodes
MOL_363,Polyphaga,Tenebrionoidea,Zopheridae,Colydiinae,Colydium,lineola,TRUE,Ten_Zop_Colydium
MOL_364,Polyphaga,Tenebrionoidea,Zopheridae,Colydiinae,Pristoderus,bakewelli,TRUE,Ten_Zop_Pristoderus
MOL_365,Polyphaga,Tenebrionoidea,Zopheridae,Colydiinae,Pycnomerus,sp.,TRUE,Ten_Zop_Pycnomerus
MOL_366,Polyphaga,Tenebrionoidea,Zopheridae,Zopherinae,Hyporhagus,sp.,FALSE,Ten_Zop_Hyporhagus
MOL_367,Polyphaga,Tenebrionoidea,Zopheridae,Zopherinae,Phellopsis,porcata,TRUE,Ten_Zop_Phellopsis